{
  "session_id": "20250712_101505",
  "models": [
    "Zonos-v0.1-transformer"
  ],
  "synthesis_times": [
    31.799506902694702,
    171.5786690711975,
    37.45846724510193,
    36.227794885635376,
    45.309526205062866
  ],
  "audio_lengths": [
    6.896326530612245,
    9.334421768707482,
    9.195102040816327,
    8.916462585034013,
    11.133968253968254
  ],
  "quality_scores": [],
  "statistics": {
    "average_synthesis_time": 64.47479286193848,
    "max_synthesis_time": 171.5786690711975,
    "min_synthesis_time": 31.799506902694702,
    "total_demos": 5,
    "models_used": 1
  }
}