{
  "session_id": "20250711_220136",
  "models": [
    "Zonos-v0.1",
    "F5-TTS"
  ],
  "synthesis_times": [
    2.000009059906006,
    3.0000040531158447,
    2.000004291534424,
    3.000001907348633,
    2.000002145767212,
    3.000004768371582,
    2.0000040531158447,
    3.0000040531158447,
    2.0000040531158447,
    3.0000038146972656
  ],
  "audio_lengths": [
    11.5,
    12.6,
    12.8,
    13.3,
    13.7
  ],
  "quality_scores": [],
  "statistics": {
    "average_synthesis_time": 2.50000422000885,
    "max_synthesis_time": 3.000004768371582,
    "min_synthesis_time": 2.000002145767212,
    "total_demos": 5,
    "models_used": 2
  }
}