{
  "session_id": "20250712_102242",
  "models": [
    "Zonos-v0.1-transformer"
  ],
  "synthesis_times": [
    31.409174919128418,
    36.41825008392334,
    36.13111209869385,
    35.248820781707764,
    44.2950701713562
  ],
  "audio_lengths": [
    6.873106575963718,
    9.276371882086167,
    9.183492063492064,
    8.93968253968254,
    11.180408163265307
  ],
  "quality_scores": [],
  "statistics": {
    "average_synthesis_time": 36.70048561096191,
    "max_synthesis_time": 44.2950701713562,
    "min_synthesis_time": 31.409174919128418,
    "total_demos": 5,
    "models_used": 1
  }
}